,"Band gap, eV","Ecb, eV","Evb, eV"
BaTaO2N,1.49,0.03553861369607081,1.525538613696071
BaTa0.5Al0.5O2N,1.61,-0.15302641311504528,1.456973586884955
BaTa0.5Mg0.5O2N,2.01,-0.29019739963832336,1.7198026003616764
BaTa0.5Al0.375Mg0.125O2N,1.36,-0.012390485018936359,1.3476095149810638
