,"Band gap, eV","Ecb, eV","Evb, eV"
Bi2Ti2O7,2.94,-0.11052621605506485,2.829473783944935
