,"Band gap, eV","Ecb, eV","Evb, eV"
BTaO2N,1.49,0.5569559626304069,2.046955962630407
